ID,Confirmed,Deaths
0,515878.30477107095,10565.469346058653
1,63061.62166557675,313.3283682688348
2,842493.6345713823,16986.917295825708
3,330690.6988353633,5635.958723306406
4,3671258.1348740486,59454.34717359317
5,463416.5896777862,6111.256173686182
6,311903.38977235655,7893.4137515204175
7,95018.19117253163,1561.1468103452955
8,2063739.3002749723,33507.464591746866
9,1061487.9127846325,19117.7960431727
10,30862.303795673157,463.8382769818144
11,180886.0043886473,1964.48033671512
12,1247026.4747384263,23609.608487786987
13,687534.3995878396,13050.192910998961
14,352196.85562417237,5750.17341763154
15,304012.4081754605,4870.5571584470745
16,427494.9508022727,6118.412106728046
17,445418.8355594221,10154.591456136784
18,50719.790922149674,743.7854501616448
19,412613.36232961726,8294.772667152296
20,638053.4650550826,17221.645915304187
21,752569.517763449,17146.288729777767
22,521150.01028038905,6939.588592646007
23,305454.2472409844,7037.9716384284375
24,582525.2830458275,8857.30165108521
25,104729.41894714886,1437.6748127222827
26,209653.6391502481,2182.959969041846
27,304180.0693441283,5260.5882133088
28,84609.37560101661,1239.6625859285693
29,913036.5937814928,24595.053290241518
30,191890.82610486803,3943.506344085147
31,1880653.7589460155,50371.11020826837
32,916430.0404144651,12145.737482334313
33,103253.94796182454,1499.111147399233
34,1019716.0609301365,19045.085461520335
35,440211.4124497486,4954.912100674233
36,165398.31787056648,2386.5047318489114
37,1031951.8603984626,25115.5412153766
38,137832.39677034473,2622.540564805214
39,553061.0237412446,9164.523778089175
40,118060.65489558745,1936.4297253347663
41,813558.8499847059,11926.130179017833
42,2795704.447638519,48355.30197816172
43,386153.3016950784,2127.070880382364
44,19412.276514001882,227.48736904453864
45,620192.9019072452,10266.88599469207
46,365864.7738973397,5257.4238431306985
47,142123.41945067994,2680.6774578805366
48,636897.8527293274,7322.609205418927
49,56358.22916455855,700.0966205937098
50,516434.6861404632,10580.575352150612
51,63174.16764364584,313.593661820052
52,843430.5711494609,17010.717422189326
53,330880.9287170329,5644.087058263685
54,3674450.689666446,59591.78212328604
55,464598.9495476673,6115.914718854981
56,313131.9136433317,7897.302435783924
57,95259.20178311737,1564.1831045514202
58,2069819.3394191335,33599.613315606985
59,1063043.2153155194,19173.794752344067
60,31011.681520027843,464.633724801147
61,181295.3173736421,1966.1684656664938
62,1249608.0169923315,23636.05588366095
63,688739.8526392162,13061.352424990098
64,352941.8086706904,5757.97063509717
65,304440.86018962855,4877.609856202851
66,428078.257723293,6137.833847538855
67,445872.8383119675,10165.348956742544
68,50940.61043996698,744.6152268553705
69,413841.7681787041,8304.792142974024
70,640798.0715999152,17250.147616441544
71,758853.1876083872,17161.265507248154
72,522575.68213939416,6948.993428050758
73,305789.8946407736,7042.778355443348
74,583224.4633951308,8863.473044610697
75,104874.75421121855,1438.4236579694964
76,209984.11513942055,2183.2435520915565
77,304590.0567829449,5270.232574162911
78,84965.57372410019,1241.0762099799288
79,918250.4678406928,24622.30658102204
80,192129.04381998535,3948.2556987012845
81,1887918.3739471938,50448.55073988644
82,918745.9779809187,12165.216852156727
83,103423.98242682526,1500.287796372064
84,1022068.6824607034,19058.923512504716
85,440663.63171203854,4955.732231558365
86,165800.65368573094,2390.400360547717
87,1036717.0854812149,25152.317448400794
88,138338.15886829194,2625.908056954287
89,554355.1310438011,9180.895477925535
90,118291.7559733618,1938.049988967224
91,814783.2997211452,11940.149259410606
92,2800843.980044924,48451.47895869237
93,386650.1589426311,2131.2288398322466
94,19558.51146763105,227.77849173707665
95,621506.2719868624,10281.187068044364
96,367184.26624757453,5264.44131521838
97,142537.17745102942,2686.101255347634
98,637721.5676847361,7327.982584279565
99,56470.2630098632,700.2461982792755
100,516898.5684998522,10586.798193023056
101,63176.23211416695,313.593661820052
102,844305.534740104,17029.321277286963
103,331108.03371229616,5650.575868820483
104,3676249.3825590247,59681.99332718661
105,465751.9847423287,6119.932449876773
106,313150.1710761946,7897.302435783924
107,95555.95875566108,1566.1453167545774
108,2075422.1611589063,33646.66630709802
109,1064594.5387683026,19217.454415690157
110,31122.38261198783,465.8806939782559
111,181539.6451852424,1966.850949304101
112,1252768.0816891412,23659.48150426916
113,689651.2030780974,13070.524719520437
114,353517.7629102998,5761.548146623444
115,304526.10698543774,4877.609856202851
116,428616.13606018986,6152.727385759029
117,445942.49464273104,10165.7850796785
118,51147.99848389679,745.8361590374345
119,415084.61206728226,8314.18500382655
120,643277.1906757593,17282.063342186048
121,764990.6106963382,17178.260926232673
122,524136.48930404993,6956.431848200646
123,306090.6283621313,7046.170584185447
124,583735.4608971773,8864.304145322945
125,104983.19687738677,1438.4236579694964
126,210342.2465527268,2183.2435520915565
127,304919.8895723326,5278.044944229576
128,85354.89156375299,1242.9948512126234
129,922495.9038458932,24647.532513274156
130,192334.50589459136,3951.4396825815274
131,1896176.8950585101,50525.638507903444
132,919309.9339340419,12168.134696077888
133,103597.2004747996,1501.3927062474893
134,1024053.7839610229,19071.44415561267
135,440841.2872707419,4956.351094411196
136,166179.2861404277,2392.9474207898716
137,1041380.2650550951,25176.177911849398
138,138338.15886829194,2625.908056954287
139,555584.3712868255,9192.576889734077
140,118529.39693291372,1940.0326530740263
141,815317.047948791,11941.39517734531
142,2804478.6337380246,48546.22944121627
143,387123.4720768609,2136.0374259085643
144,19694.142087850953,227.98643500402977
145,623015.8611280124,10300.607363544528
146,368635.44286192226,5266.907293705438
147,142970.76723872943,2690.5713333212716
148,638513.5427540876,7331.416031885087
149,56472.69884890628,700.2461982792755
150,517150.3393182073,10588.086983668127
151,63176.23211416695,313.593661820052
152,844903.6692227469,17032.520628736478
153,331232.9178822819,5652.992559193141
154,3677745.256745635,59726.95743819222
155,466785.782576063,6122.646244985428
156,313150.1710761946,7897.302435783924
157,95832.34981267551,1569.0855373626525
158,2080415.6956244563,33685.212355753225
159,1065557.1392860182,19217.454415690157
160,31207.635449272584,465.9076583068918
161,181563.2267129641,1966.850949304101
162,1255059.127261781,23675.469013085723
163,690706.1366618864,13077.835776942371
164,353808.7966414353,5764.596758952748
165,304564.5509664386,4877.609856202851
166,428956.581923775,6160.586516757979
167,446108.4128367752,10168.243296655648
168,51358.521499469745,746.5306348005873
169,416143.07711734256,8322.21314958468
170,645427.6752149947,17308.56331070194
171,765482.4287168887,17181.168006493135
172,525571.1019183832,6962.416682879175
173,306276.6894877952,7047.110481564225
174,584090.3447836424,8864.304145322945
175,105040.74848761524,1438.4236579694964
176,210585.5403012461,2183.2435520915565
177,305101.9437881245,5278.044944229576
178,85652.87561636865,1244.0789177704205
179,927041.9100255569,24652.99662337364
180,192491.00729078648,3952.138432056485
181,1904544.8378900397,50592.62333558319
182,919309.9339340419,12168.134696077888
183,103659.55478466365,1501.3927062474893
184,1025054.5258719901,19074.48446835469
185,441022.17048255744,4956.351094411196
186,166411.6666967805,2393.712336999741
187,1042303.8046047642,25183.049701841974
188,138338.15886829194,2625.908056954287
189,556856.4793092669,9208.464828621534
190,118691.55223540723,1940.6277599767268
191,815665.7068264898,11941.39517734531
192,2807346.003406975,48604.20120498027
193,387473.4445096443,2139.967806237359
194,19836.147698911744,228.25293946208345
195,624248.2277989162,10315.632630764441
196,368635.44286192226,5266.907293705438
197,143261.69772056726,2694.308011309349
198,638969.1777124727,7331.416031885087
199,56472.69884890628,700.2461982792755
200,517378.99028518685,10588.289845574305
201,63264.49772508508,313.6495983573316
202,845567.6204214169,17034.798957266223
203,331353.6627466193,5657.448509706688
204,3680657.4987845654,59796.28699687494
205,467559.89839981426,6124.185330609817
206,314939.11739117734,7906.547317698173
207,96117.90883081373,1571.6587192719549
208,2083831.9635452563,33733.49106570669
209,1066919.9960855707,19236.5743632364
210,31298.007390381532,466.03993803812534
211,182007.68183017112,1968.2297349648488
212,1256946.655151242,23680.183730783236
213,691348.1290928586,13078.977827584353
214,354374.4822803394,5767.385772262874
215,304993.8894356753,4883.009572192348
216,429242.3286185562,6171.080124490682
217,446710.1565809907,10187.559214137724
218,51560.701432494054,746.8860645044845
219,417358.45259818,8330.941060508489
220,647084.5601778595,17327.123463014635
221,771954.9458231182,17198.382560398513
222,526805.9292739393,6966.9511626562135
223,306353.2166768901,7048.041791413427
224,584411.1141981375,8864.304145322945
225,105083.38536083479,1438.4236579694964
226,210650.04382192576,2183.2435520915565
227,305279.6518765244,5278.044944229576
228,85956.6852607619,1244.0789177704205
229,930901.2804915293,24667.90336257487
230,192651.32163707862,3952.657624712542
231,1912074.8505477954,50661.81056960348
232,922583.5961842071,12190.942782775357
233,103729.8894136655,1501.4999505802002
234,1026923.2664096401,19081.724273143118
235,441806.8524257601,4956.351094411196
236,166675.02733079012,2394.985081082317
237,1046206.545298011,25207.01133853695
238,138961.10662059166,2628.7949795100417
239,557783.878441046,9213.609126358157
240,118782.92061063918,1940.6277599767268
241,817536.7580935769,11958.618777356145
242,2810565.742375417,48675.31635532149
243,387667.86392805283,2140.3364879480573
244,19985.369517447296,228.83639557944713
245,625290.7791415332,10332.990107532312
246,369974.90525544155,5274.975183124153
247,143612.53277115631,2697.5297378100936
248,639289.7342915873,7332.475197155992
249,56594.138920667996,700.2461982792755
250,517772.430957215,10593.82540974921
251,63512.143984656046,313.9987322933418
252,846159.4917946643,17048.47032713959
253,331580.0752101327,5667.410695199751
254,3683885.672545065,59917.050221756755
255,468699.51814667083,6129.891403825278
256,316102.23884564725,7912.539804419787
257,96306.43092910058,1574.552906819131
258,2089203.782255433,33802.08366702204
259,1068241.1695938874,19253.404341641923
260,31379.71545228465,466.1303571403856
261,182469.7301738477,1969.5002929233074
262,1259518.897831088,23691.793099697687
263,692262.22779672,13085.17994296235
264,355123.30735641177,5773.801482851444
265,305066.1281053824,4883.009572192348
266,429880.3662809054,6188.918538277282
267,447281.5875043857,10196.054997341134
268,51778.98109920773,748.0871963917906
269,418524.4453187058,8342.417366574522
270,649187.085091052,17355.654163303316
271,778451.940306212,17219.29690711853
272,528134.4468207568,6976.681459816696
273,306682.40657982137,7056.327938737876
274,584875.9912310197,8879.995858670274
275,105242.25731603072,1439.3927240152414
276,210989.4083473952,2183.5140760343697
277,305518.8995096356,5282.770785481767
278,86338.72530845356,1244.5614527058553
279,935488.1549993515,24734.777796773702
280,192827.0989390115,3956.427274533022
281,1919365.3967857603,50727.54632123299
282,924230.1783645636,12200.531848939458
283,103919.65356380887,1502.3624370622938
284,1029632.9488445488,19092.824581287266
285,442011.5745172893,4956.351094411196
286,167076.05627674653,2398.9423521674094
287,1051128.8587985158,25232.460618493762
288,139416.2187913765,2631.8684272031687
289,558532.5164253451,9223.64149367611
290,118965.3243360258,1941.8037542980423
291,818951.2341816525,11972.874582561848
292,2813679.660446036,48780.53824054785
293,388056.6425738556,2144.7209403980396
294,20083.00973689845,229.40596467278493
295,626675.0105113953,10355.575858152573
296,371092.25410268904,5286.596241936805
297,143945.0030455496,2701.1861912738277
298,640194.0345129832,7343.031548972499
299,56657.02791102523,700.2461982792755
300,518194.7893909097,10608.224855522696
301,63639.34200758062,314.1941411607708
302,847025.0102518068,17070.95419761156
303,331882.19825389644,5673.186041548832
304,3686449.912093467,60023.363766409595
305,470131.9333773952,6133.946047998664
306,316734.37763128977,7920.311528456662
307,96545.95487064995,1577.827438540471
308,2095191.9831339975,33856.16364002633
309,1069884.3385355277,19301.89544509963
310,31464.19837034686,466.91180104560925
311,183012.59051277462,1972.161581322291
312,1262301.9151410612,23713.119230254288
313,693404.043939025,13091.511580040335
314,355862.2498424468,5783.424576022434
315,305647.8147935136,4888.863512899985
316,430552.2701097337,6208.853789805278
317,447897.72858060186,10209.567222300107
318,52014.647516628844,749.4495361061814
319,419920.4310516695,8352.846247100872
320,651667.3306565605,17391.962663352486
321,784597.7436200121,17239.14357895747
322,529567.4193652114,6984.6781173381205
323,307079.68197315536,7066.163363069807
324,585608.1425654939,8883.092462716371
325,105441.89283876131,1440.5750517760457
326,211381.9394089803,2185.26816805539
327,305887.7396647986,5291.495150109401
328,86774.72271100972,1246.0133762391774
329,939310.8952711701,24806.23266351209
330,193116.5840024555,3962.17495956448
331,1927237.9575130274,50777.77415671204
332,926518.3202289946,12224.260917089994
333,104119.5804270441,1503.0907307391064
334,1032172.3253760083,19103.682211834584
335,442429.55431551056,4971.190934987516
336,167534.59957355168,2402.346664761473
337,1056009.2145108518,25270.83810012047
338,139965.74153288433,2634.465694505914
339,559721.0854607775,9241.878695362575
340,119237.43891113048,1942.5403467249648
341,820703.5258825942,11991.670914555038
342,2817099.8268666123,48852.092549872024
343,388581.29451957066,2148.029235547329
344,20208.123763651987,229.91457713184468
345,627666.4734911312,10380.82575416779
346,372347.1691137591,5296.264647584466
347,144336.97683831432,2710.4927467864336
348,640910.4203923924,7353.955659766211
349,56740.8149738503,701.0318786192408
350,518768.35933495447,10620.349821431937
351,63816.05478024489,314.35867945868335
352,848128.6156014955,17096.909896752884
353,332208.10691837163,5679.023966223705
354,3688919.2789484384,60113.36551685386
355,471386.15692624036,6138.522330354441
356,317950.9774834422,7926.39372586343
357,96852.43187762631,1579.293249478308
358,2101472.0414699623,33909.15498485226
359,1071594.838444734,19342.97563108699
360,31575.197660146423,467.619670269856
361,183512.93292858498,1974.5205592951295
362,1265066.4938297877,23738.355457633443
363,694527.4112013091,13102.257628108879
364,356706.4823723986,5791.416797277347
365,305737.7912658365,4888.863512899985
366,431181.76336801995,6230.082491170525
367,448466.2413226147,10219.211576692458
368,52236.50651566906,750.2258157364647
369,421331.9224277744,8362.97071496186
370,654246.6118442767,17425.96782017725
371,791428.905144735,17258.50319899275
372,531167.3686248646,6994.938231940222
373,307515.29181721894,7072.272549505975
374,586421.5313025388,8886.659284412894
375,105615.29786256263,1442.1000690030162
376,211767.17361947623,2186.9531695061974
377,306383.8013603961,5301.279867083776
378,87220.59299402469,1247.5862266793358
379,944069.5165684194,24837.31252542136
380,193391.65784923884,3966.8601296161114
381,1935158.130454118,50830.304292220215
382,929105.7016522702,12245.446256477067
383,104311.9732621743,1503.78011468847
384,1034545.2239618168,19114.35708349093
385,442936.8299415317,4974.9901911793
386,167993.94926393736,2405.878760005808
387,1060689.3926187528,25308.46760015427
388,140537.93343464835,2636.815648583763
389,561133.0237996207,9263.216674937019
390,119493.87261567802,1943.8501916342946
391,822527.7487265916,12008.69683426063
392,2820927.8166637174,48943.43497664987
393,389066.7457667748,2152.772018365955
394,20330.860743289228,230.38418438965326
395,628918.5482385886,10404.990232645108
396,373836.2592256834,5305.675199172198
397,144743.9644471052,2715.477908842421
398,641799.6347143293,7360.70458061881
399,56829.00851597892,701.0318786192408
400,519424.5157168538,10631.013061303585
401,63981.84249184095,314.41449203458905
402,849382.6795450116,17121.32732472764
403,332493.69583114726,5686.127803897999
404,3692233.960407947,60204.64816187166
405,472734.4702811531,6143.150224330169
406,319118.29277919506,7933.054885467125
407,97114.58925286855,1581.335459838682
408,2108071.1146633583,33977.09057327896
409,1073285.312655858,19374.180482530435
410,31718.743904673887,468.48042707431205
411,183970.81725377653,1976.7528076182573
412,1267825.9966907878,23764.869625003015
413,695618.5359628461,13114.550153554963
414,357525.9879331881,5797.943514410375
415,306260.9874243864,4893.850942249515
416,431765.7190416858,6248.240523626572
417,449034.8119128919,10229.476958110896
418,52475.7320651512,750.9711567990128
419,422837.70948173554,8373.101442848925
420,656963.5768074113,17453.770813048523
421,798176.1274249547,17280.798450794795
422,532736.6149823293,7003.775060525016
423,307986.03407394903,7078.18270612957
424,587234.7749209817,8889.430732053524
425,105801.27757627406,1443.2019336908163
426,212172.3239461872,2187.5436129729737
427,306906.4118959786,5311.217527162766
428,87614.04579675097,1248.983988815821
429,949020.0021390114,24864.497439465104
430,193688.70484551167,3970.866647109255
431,1943288.9998549297,50864.638081295656
432,931784.355092016,12266.929414090591
433,104500.77919289308,1504.817354011098
434,1037218.3099697194,19126.641359550475
435,443361.915091815,4974.9901911793
436,168485.8767102582,2408.547599576936
437,1065678.8854570496,25330.825311197477
438,141074.51231012295,2638.3106109455966
439,562748.2163274332,9278.153620138048
440,119776.18237216139,1945.2002608319067
441,824359.4842646542,12023.520930609211
442,2825459.9261669847,49027.979773453226
443,389581.4299860711,2155.307558872101
444,20491.345432515584,230.7890604850168
445,630256.6766370641,10427.274500901025
446,375181.5936343298,5315.520283511301
447,145089.18068796222,2719.518448032953
448,642665.4847028273,7365.007055340317
449,56946.23060511681,701.0348305282163
450,519924.6404069402,10639.5963729547
451,63991.876328876024,314.41679769209134
452,850122.6780359406,17134.08109130015
453,332748.41453182325,5691.773869004613
454,3693983.2450733082,60256.23295322115
455,474160.8902543607,6147.841832693315
456,319137.0967815917,7933.054885467125
457,97385.06513517431,1584.201904727488
458,2114686.556198034,34025.31918209335
459,1074945.337107845,19406.493828351802
460,31825.388652259982,469.11654027536764
461,184258.26403048303,1977.4041477466274
462,1270869.6483256132,23783.824005972212
463,696659.3966244697,13122.639807844274
464,358252.41360940423,5801.785315432196
465,306331.31709272583,4893.850942249515
466,432293.07469975133,6262.1833298263955
467,449244.18822423444,10229.476958110896
468,52706.94782989867,752.155040096758
469,424260.7955429344,8381.698478867924
470,659627.5657539943,17479.268421213612
471,804811.1456410863,17299.982652242685
472,534340.715431004,7011.144030179771
473,308379.1955784867,7082.347900719705
474,587753.1089714818,8890.034205842665
475,105942.17811689519,1443.8138270019656
476,212522.23596830296,2187.911987618027
477,307324.5588823531,5320.295391771383
478,88023.09046094911,1250.3678764240713
479,953442.6584266974,24890.587759247694
480,193914.28026570837,3972.7281594225756
481,1952018.9000390028,50914.35878821919
482,932586.6839055287,12272.326322186422
483,104687.03804763516,1505.7891369015028
484,1039429.4854722391,19137.159426260063
485,443645.23932877515,4974.9901911793
486,168958.53011563822,2410.6237602430165
487,1070450.4522137176,25345.309313286743
488,141075.8456324588,2638.3106109455966
489,564304.03557879,9293.676626173756
490,120025.0253495144,1946.2801335498793
491,824845.4311371184,12023.520930609211
492,2828774.6986601837,49095.07440346806
493,390077.32885186974,2158.8498168517
494,20632.98101051512,231.1863283841597
495,631722.2148165487,10445.521008826334
496,376611.07756117755,5321.102113176317
497,145455.12545180036,2723.560011606001
498,643475.6597307569,7370.358296752058
499,56965.330518502145,701.0348305282163
500,520194.19576765696,10640.627232803554
501,63991.876328876024,314.41679769209134
502,850793.3039579723,17137.59936328263
503,332823.8786278073,5693.17076454108
504,3695657.92155503,60314.82263940746
505,475377.93986999366,6150.366599150929
506,319137.0967815917,7933.054885467125
507,97652.70842660913,1586.4953079058666
508,2120041.6906779464,34054.194647596836
509,1075842.572436111,19408.556928565937
510,31903.114679700804,469.3653324736744
511,184288.62270808264,1977.510261784813
512,1273266.3798956587,23798.901481370904
513,697804.9874262902,13129.89418879611
514,358559.07286115555,5803.050796963908
515,306395.5225301294,4893.850942249515
516,432678.7358739565,6271.102275035335
517,449564.85043197934,10230.900528571956
518,52925.39882597901,752.6428166494561
519,425605.8208788419,8389.984624646924
520,662080.7071023398,17502.0116086614
521,805848.636976009,17304.135287408662
522,535874.1850991547,7017.966355199008
523,308565.8246942222,7082.347900719705
524,588100.807145073,8890.034205842665
525,105991.3628523794,1444.0768646763165
526,212748.53953120118,2187.911987618027
527,307515.4363030848,5321.41392803173
528,88350.33660000702,1250.3678764240713
529,957533.6694472285,24900.800274826066
530,194073.47357875094,3972.7281594225756
531,1960878.9087503487,50953.78077694078
532,932586.6839055287,12272.326322186422
533,104756.28885491722,1505.7891369015028
534,1040713.2274402159,19140.736284930306
535,443880.63838655164,4974.9901911793
536,169202.20947850466,2411.2093657482437
537,1072231.8874570834,25351.739001967628
538,141075.8456324588,2638.3106109455966
539,565693.5066627212,9307.96792192605
540,120190.46445688978,1946.9379700801233
541,825144.8428954866,12023.520930609211
542,2831152.882597274,49125.89846626437
543,390441.09587031294,2161.3501688807005
544,20782.482055604196,231.49086376056215
545,632864.8004183345,10463.183286065294
546,376611.07756117755,5321.102113176317
547,145756.37404721114,2726.8216089520715
548,643904.9754880619,7370.358296752058
549,56971.33316422902,701.0348305282163
550,520900.9179309018,10646.415370461762
551,64126.183021024684,314.41679769209134
552,851668.5130406938,17138.58192047553
553,332939.94055506616,5694.337875973023
554,3698402.752161023,60373.947117566015
555,476016.9438234718,6151.717713586915
556,320595.8539363343,7938.6893610940415
557,97928.5678471186,1588.8320820636309
558,2123912.6743231923,34095.716124361825
559,1077190.5988084017,19431.400724693103
560,31991.324492572257,469.4924665594397
561,184787.44457625586,1979.1073230228394
562,1275333.738006805,23803.564034290524
563,698380.0784723419,13129.89418879611
564,359159.7852000505,5804.692875988135
565,306889.2200263454,4899.238712910899
566,433038.9908063387,6282.224383080198
567,450128.06637633423,10238.839988931992
568,53134.814960400734,753.045642797331
569,426728.63136202615,8397.340081971412
570,664052.3548664572,17524.462271061646
571,812665.1080580266,17317.317810264023
572,537171.5597799841,7023.574700442791
573,308713.69660462474,7083.2597580489455
574,588471.8159941144,8890.034205842665
575,106094.45560550649,1444.2512128064361
576,212853.9452477887,2187.911987618027
577,307697.4927421968,5322.804044866956
578,88667.34773964746,1250.4392912572487
579,961219.0390390629,24924.80833013849
580,194266.0670310965,3972.7281594225756
581,1968412.935231906,50995.74347753079
582,935590.071785912,12289.733477687956
583,104842.28285862098,1505.8395278771443
584,1042771.4858840344,19147.78976850706
585,444524.1115560032,4974.9901911793
586,169534.99632083622,2412.391939454553
587,1076494.5489369843,25378.254178812076
588,141688.0831567613,2641.1328670558805
589,566802.5896045184,9316.275235320418
590,120289.06530203774,1946.9379700801233
591,826896.519190527,12034.6213133964
592,2834800.2955238125,49181.47419298904
593,390657.22308576026,2161.7230882815115
594,20939.007855393153,231.8133360586826
595,633931.8451910353,10480.944961537316
596,378026.2396420846,5329.281828973606
597,146064.05580659612,2728.894900531833
598,644343.1429301875,7370.607186886254
599,57099.642265376715,701.0348305282163
600,521397.31276695,10653.242232968105
601,64318.185346061095,314.4951403068435
602,852453.7863964243,17149.083146037698
603,333204.3099370626,5700.201640514694
604,3701184.621605257,60436.54770423407
605,477023.65483213397,6155.6457810259835
606,321837.94393583335,7942.5753560997355
607,98142.42762876707,1591.8695076698884
608,2129935.1062354185,34163.787566916144
609,1078515.9085568427,19453.743931428904
610,32075.44595671541,469.7760936746536
611,185283.36807407773,1982.3496221046073
612,1278102.9688493002,23818.50640984378
613,699354.4189738078,13135.37527023122
614,359924.30574950855,5811.07193036802
615,306955.8213594585,4899.238712910899
616,433642.4603636893,6296.257404829053
617,450833.30151055893,10245.400941377486
618,53364.717883353296,753.8966083861584
619,427987.01140519377,8410.433047756935
620,666482.6432024722,17550.025774324233
621,819399.4801637131,17336.861153208356
622,538540.5387547971,7030.870130908554
623,309118.33802401053,7091.037945374067
624,589036.1896404007,8896.972992864687
625,106290.3866706272,1445.2748322773568
626,213187.9805808959,2188.8653955165887
627,308015.6974542972,5328.093460329597
628,89088.36062220387,1251.6118207430204
629,965660.785231537,24983.53484864471
630,194492.44778331852,3975.758172979732
631,1976669.9589702203,51040.02546254562
632,937442.1573956609,12305.568179716107
633,105009.38872168571,1507.1747114052548
634,1045572.6699352156,19157.383443408617
635,444685.98664814647,4974.9901911793
636,169949.6289243818,2416.152279595448
637,1081511.7448308882,25398.162427271
638,142195.4005732527,2643.8702458432676
639,567820.8513802487,9328.147680970204
640,120510.35890010136,1947.4465482454757
641,828739.9503937534,12050.383740493766
642,2838410.7043680963,49246.97212396322
643,391078.7622950647,2164.9718358834025
644,21045.86898560439,232.3124421194056
645,635262.9818913181,10509.045125962184
646,379294.5876711412,5337.54308096437
647,146375.29291138248,2734.677632882522
648,645319.9479537149,7376.127796291995
649,57166.407894251744,701.0348305282163
650,522028.0952648538,10666.70148130871
651,64502.57117144158,314.71297516832885
652,853344.8196726224,17161.91242597662
653,333531.522292593,5707.393790472922
654,3703727.730674307,60543.66512952908
655,477958.78736337094,6159.3219393353575
656,322680.61452045775,7948.249438060482
657,98438.79358854804,1594.2153814156786
658,2136517.79868521,34223.998578627965
659,1080349.1753511578,19494.99228802227
660,32178.680711270266,470.6188559460217
661,185794.11487324792,1984.6681958346505
662,1280879.4173679266,23838.041178089596
663,700437.5035334985,13143.924227707927
664,360727.12605195754,5818.568936255973
665,307521.44493761304,4905.106769889785
666,434304.955276363,6311.969469730578
667,451531.4045636799,10256.797728723453
668,53616.05845118577,754.9791903910985
669,429463.41719017224,8421.275806031192
670,669253.8655105152,17580.054162829914
671,826323.2416966535,17355.539428249722
672,540264.6052587635,7039.34995979683
673,309551.8898026367,7098.7555949821435
674,589625.8470559652,8900.514897901348
675,106468.64582668612,1446.4469833064347
676,213532.80406752083,2189.4056849089056
677,308493.0496294242,5337.953950085028
678,89513.97443601648,1252.8684196739239
679,969892.7726971954,25041.298240811877
680,194843.61786198604,3980.0199020165564
681,1984767.4474219545,51071.97069992974
682,940192.560777952,12325.141517782366
683,105173.57277714887,1508.5489102258107
684,1048446.9659957016,19168.73710608398
685,445099.62358522613,4981.152333185743
686,170440.376385183,2418.914586845732
687,1086663.8217686503,25415.4976206868
688,142749.02471589405,2645.5918579511253
689,569334.3477103929,9348.319028242937
690,120773.89049627677,1948.2386407710258
691,830823.0364142881,12065.74604709632
692,2842524.4394429913,49334.52638876726
693,391603.66579761246,2168.5571484318507
694,21179.62951798978,232.7019290113793
695,636354.0508685391,10537.039470199392
696,380715.3608835888,5346.943570325975
697,146735.21011248758,2739.780853285972
698,646166.6062168793,7383.805278042885
699,57265.30244808192,701.2951006209412
700,522796.7237867033,10680.562332630288
701,64656.03144922823,314.92997773072324
702,854509.237386537,17185.10787619045
703,333895.4485858793,5714.298540616057
704,3706565.759227168,60632.12786043168
705,479327.9469467752,6164.640815296138
706,323847.0641904802,7953.559550949883
707,98775.5946420519,1596.3848668361081
708,2143159.8631769586,34284.93627403194
709,1082259.2283609307,19531.978535861468
710,32290.39530026086,471.28531372893076
711,186308.12344705794,1987.2031674972204
712,1283943.7263809978,23859.41017340102
713,701563.890868716,13152.08700284062
714,361612.535458935,5825.661898770157
715,307574.73490058293,4905.106769889785
716,434914.44687085797,6333.615183189529
717,452184.28219892626,10267.587477049488
718,53878.65788986238,756.0373845837549
719,430994.2358457262,8430.894025861711
720,672058.47792594,17607.72466707214
721,832986.9663597209,17377.87040843933
722,542063.9475845264,7047.717992212748
723,310032.6633177395,7104.615566450115
724,590313.0635529653,8903.068404521362
725,106626.71478092314,1447.525331696513
726,213926.20504224175,2190.6303109791447
727,308979.92823603994,5347.9858963702345
728,89975.50389365536,1255.513903764259
729,974845.6204272101,25074.02422403532
730,195154.21722727892,3985.0378930652523
731,1993386.4079301434,51115.359088240875
732,943308.5665948385,12343.158981864048
733,105337.1100857771,1509.6847080261207
734,1051248.1623878872,19180.124580945227
735,445749.3040468379,4986.7291659769235
736,170969.51170262974,2422.361258756391
737,1091852.7308674436,25441.39273580961
738,143312.05329902825,2647.960930058903
739,571087.6185310901,9364.451054870216
740,121052.26676377658,1949.443674390421
741,832854.290805011,12083.895214496397
742,2846965.8490792885,49436.614423406856
743,392111.2453787591,2172.555625214684
744,21323.468696624757,233.01557404147243
745,637987.2160612285,10564.076181904386
746,382321.9558943749,5355.928804038522
747,147110.7626207311,2745.1007567194633
748,647078.9662058825,7391.447424643849
749,57342.24996473605,701.3262050688277
750,523661.87668591057,10692.839240589396
751,64823.76947029395,315.0784821009221
752,855714.2249482792,17208.711441765416
753,334197.47000813065,5719.843119196399
754,3709529.7408977235,60705.888848707466
755,480530.4993471618,6168.20895853555
756,325059.846736081,7958.157409155691
757,99082.14347164801,1599.8062127546762
758,2150183.717539219,34338.40080827761
759,1084099.2216369566,19561.19532870339
760,32439.183387847297,472.11228078895147
761,186841.45046667033,1989.3723987434082
762,1287163.1263993564,23879.40169990022
763,702714.5586363568,13159.0272641811
764,362423.0094068287,5832.921045500178
765,308103.1058390573,4909.92986968422
766,435583.44908506854,6349.31598312318
767,452767.97624739987,10275.722462081754
768,54147.26093721805,756.8793648213033
769,432622.31256000296,8440.712073136068
770,674971.3537097832,17632.25518020199
771,839469.7078905492,17400.200493328284
772,543739.5758603917,7054.50256397807
773,310593.2111032336,7110.295652327581
774,590966.776763203,8904.255342418592
775,106799.77485247901,1448.7399968836803
776,214284.99014144557,2191.2347008076877
777,309504.2839690753,5354.525658088549
778,90409.70825833184,1257.3995841069004
779,979724.6684825631,25099.435143989554
780,195492.9568431405,3988.731246490343
781,2002103.6319470776,51167.09417847035
782,946489.6862173625,12359.741710920307
783,105511.4915908467,1510.6762179935463
784,1054199.9912449264,19191.69073717118
785,446278.6255366782,4986.7291659769235
786,171488.82570556406,2425.267682080299
787,1096915.8152284257,25459.929696346608
788,143837.4182910454,2649.700654350959
789,573004.1820874233,9378.882414738051
790,121337.35608859785,1950.3949913029558
791,835030.0586143472,12098.697208649608
792,2851366.055420025,49521.7403823228
793,392588.083270553,2177.740943941777
794,21497.870914565672,233.30270227597214
795,639708.2873037559,10583.288860604896
796,383828.5938790044,5363.047265504586
797,147461.79417356747,2752.4983076596313
798,647968.7724117741,7398.383911689551
799,57470.3223013982,701.3262050688277
800,524332.8276502815,10700.677623980342
801,64833.04084984572,315.09637000210597
802,856610.5041302821,17225.24952593443
803,334496.3486832353,5723.1046044216355
804,3711543.5520602525,60741.378180731626
805,481803.7032023945,6171.4452788782955
806,325080.9169088459,7958.157409155691
807,99406.36067744368,1602.5374899869653
808,2157123.233632938,34383.14046431365
809,1085789.104975321,19592.802510212576
810,32528.928325974506,472.50696629792236
811,187143.90530113684,1990.2491938804267
812,1290024.4403654542,23899.17099070309
813,703932.9852321708,13163.389976845041
814,363211.93848504516,5835.568583547792
815,308194.05918416445,4909.92986968422
816,436092.5490462525,6362.538941270569
817,453013.5643584251,10275.722462081754
818,54402.93497279201,757.9082729676495
819,434157.8708631107,8452.014225250668
820,677736.6022118187,17656.562768083764
821,845861.0236915445,17424.005553405514
822,545492.965881497,7060.841743497008
823,310979.9156242011,7115.738969579647
824,591508.1880827482,8905.27172309136
825,106976.1737849128,1450.040695470894
826,214639.3341193804,2191.9543836161233
827,310023.0838004913,5361.108098207016
828,90842.05943696007,1258.7950850515817
829,984605.3458618926,25121.65794252253
830,195738.17111979757,3991.686435417022
831,2011809.8596629414,51215.382079199415
832,948025.0181560583,12367.780420081304
833,105679.02085838967,1511.6720327814
834,1056704.5249544843,19202.054576118728
835,446536.26492962125,4986.7291659769235
836,171992.34036054058,2428.258652497677
837,1101879.1934279038,25478.80737848275
838,143837.4182910454,2649.700654350959
839,574910.5551747031,9391.068838279516
840,121587.67064765116,1951.50234243087
841,835438.5613263563,12098.697208649608
842,2854833.744063206,49586.22636948889
843,393094.35135916306,2180.43949620898
844,21657.75675281827,233.5905126503167
845,641302.5890147967,10597.78120745232
846,385434.8435816224,5367.676404220711
847,147840.85322850844,2756.632089046006
848,648820.628466051,7405.793630541111
849,57496.80308310055,701.3262050688277
850,524582.3342393683,10700.794633975613
851,64833.04084984572,315.11588281745253
852,857241.9517236638,17230.02481487691
853,334581.06995784235,5723.1046044216355
854,3712561.677726742,60780.71375159368
855,482762.7467480564,6175.849507032791
856,325080.9169088459,7958.157409155691
857,99705.68569254561,1604.881365852494
858,2163195.0450177197,34413.208676330774
859,1086788.8962653487,19593.726290239487
860,32616.664374189204,473.0256468945138
861,187163.84118999663,1990.3317348064695
862,1292047.3647219576,23916.67260806501
863,705048.0091608816,13171.276585039739
864,363595.4320373119,5835.568583547792
865,308276.76010646374,4909.92986968422
866,436312.34609464597,6370.594680378011
867,453308.6155151269,10275.722462081754
868,54636.89965179195,758.1668076122357
869,435601.77617353114,8459.88812940556
870,680516.3955088749,17679.839176567755
871,847777.8479817914,17435.17140637997
872,546991.4722341736,7066.446049531833
873,311134.29922592023,7115.738969579647
874,591817.4399800244,8905.497354878526
875,107049.1602641585,1450.3974215279331
876,214806.66077719498,2191.9543836161233
877,310238.1848113748,5361.397956363018
878,91207.09143802966,1260.0171716696434
879,988867.4594228234,25143.023115723183
880,195899.74189454934,3991.686435417022
881,2021602.7932176327,51245.530599781196
882,948048.3134844365,12367.780420081304
883,105748.91422393452,1511.6720327814
884,1058337.2018878919,19210.85480366995
885,446749.1064913365,4986.7291659769235
886,172255.99828145464,2429.3138966398897
887,1104739.6390937595,25489.605910007387
888,143837.4182910454,2649.700654350959
889,576485.6057180482,9406.751699064425
890,121758.1180198897,1952.1069813653216
891,835556.5515213652,12098.697208649608
892,2856554.459494533,49624.05612153212
893,393481.2575008102,2182.4990326892066
894,21815.73702699808,233.8302034632036
895,642275.2065529613,10612.445468794092
896,385474.4938282568,5367.676404220711
897,148147.72898344995,2761.1519885326684
898,649251.0387151939,7405.933879473216
899,57517.13183958517,701.3262050688277
900,525292.336136502,10703.567824723174
901,65005.85233098101,315.14134334975137
902,858184.4083072762,17231.876918379596
903,334656.04151329544,5723.233589466492
904,3715277.7703602044,60846.459002462376
905,483292.2468311199,6176.509467884223
906,326472.009426029,7963.265368612381
907,100015.36772156559,1606.5132555497144
908,2166959.333785629,34454.565715879
909,1088050.5634555481,19614.368996239205
910,32712.62846786852,473.2496614466351
911,187732.0487627296,1991.7608430618745
912,1294352.158659488,23928.096459722034
913,705673.5283304083,13171.276585039739
914,364282.12095138634,5837.498004836112
915,308839.98944911885,4914.229006814081
916,436615.42036976747,6379.517916393286
917,453980.74289525446,10280.354493378596
918,54852.75004254985,758.4386974313745
919,437061.67963063886,8467.317783754837
920,682928.2819533871,17699.723847218735
921,854104.204545235,17450.453858180917
922,548666.6634894257,7071.901131762892
923,311300.81571609987,7116.161494881782
924,592156.3067839545,8905.629168653035
925,107128.97287063747,1450.5221948024123
926,214961.92275867806,2191.9543836161233
927,310407.8997306713,5361.4048760530795
928,91551.86594514624,1260.7887516407902
929,992528.47028293,25158.164203643228
930,196116.91348145806,3992.643847676232
931,2029776.9890421957,51263.75060513488
932,951280.2254794579,12378.629972076882
933,105848.46454737154,1511.698317112324
934,1060842.286354889,19217.526758673135
935,447399.680378663,4987.1522056411
936,172718.15602392674,2430.732044490341
937,1109169.5119485909,25510.134587085216
938,144436.29184540227,2652.6771524504743
939,577919.3656163793,9414.948571816842
940,121892.2930933683,1952.2900253890014
941,837529.4990622181,12107.025968105794
942,2860453.132732971,49696.62008191999
943,393674.56230088987,2182.727242693795
944,21979.196312168453,234.0661401930469
945,643420.1495765304,10625.0902417242
946,387187.02492091706,5373.432020720663
947,148446.95580213223,2764.374162017096
948,649791.0064587124,7405.933879473216
949,57663.01792608106,701.3262050688277
950,525766.5976082267,10707.137894434949
951,65174.700065851786,315.37607914121224
952,859095.2789507568,17241.188336979427
953,334939.09967174655,5727.052602123748
954,3717760.6590658454,60901.11114082586
955,484585.32829184085,6179.247537729643
956,327756.937232261,7969.179202641708
957,100294.7709727634,1609.7052286900762
958,2173894.5682193297,34509.07376687596
959,1089585.6398361034,19640.12994366815
960,32800.347392369724,473.5093292257446
961,188356.1610297459,1994.2495608496265
962,1297249.7045169924,23941.085413326637
963,706691.8186108958,13176.012694030323
964,365219.8707290512,5842.808651571695
965,308939.6746781997,4914.229006814081
966,437148.6332907058,6390.926128145989
967,454780.8030804165,10287.435883269674
968,55088.47667214471,759.3271308686415
969,438585.9926879965,8477.037669045018
970,685818.1561545238,17720.896034912756
971,860615.7677681411,17470.120804241764
972,550220.5907708735,7078.439196098266
973,311770.33952630096,7122.069475621474
974,592716.1636967079,8906.525868575445
975,107345.99983133822,1451.610795115836
976,215319.15239181675,2192.0029811049553
977,310728.2746016673,5366.4624623628615
978,91962.61689380156,1261.6310609236693
979,997504.0769560044,25203.31791547471
980,196378.29804326186,3996.0145235390814
981,2038769.486518954,51282.987628734496
982,953954.0894936054,12396.415604789827
983,106034.80434403072,1512.4003918488445
984,1063938.4608019693,19224.92118578278
985,447632.54991324147,4987.1522056411
986,173237.21339834732,2434.306329829018
987,1114199.5683744068,25529.63114844632
988,144990.47955089097,2654.561391248432
989,579172.0141413179,9428.958491328347
990,122114.79984489546,1952.6508353182505
991,839334.1832891444,12125.34796347267
992,2864502.1415484482,49751.30194984009
993,394068.977710456,2186.0313374335165
994,22098.204245080928,234.5357504002981
995,644990.2734735438,10644.35303755392
996,388682.19690593245,5380.467404487842
997,148789.40876056033,2769.1155801039076
998,650800.1700699944,7410.806423475992
999,57757.37701390946,701.3262050688277
1000,526554.0189801927,10720.356882184744
1001,65357.13231680616,315.5195048452208
1002,860115.1877990516,17258.895856646795
1003,335283.6063643051,5734.67272324044
1004,3720251.3203873485,61002.72012293906
1005,485857.078171064,6182.60077397417
1006,328903.68085121113,7977.712571482105
1007,100644.26914821671,1611.6633150768353
1008,2181158.0982296113,34562.40369886762
1009,1091546.8769081903,19682.06076468554
1010,32897.24933439438,474.56508704499885
1011,189013.3611980873,1996.1739194344336
1012,1300716.0235920723,23960.306800459748
1013,707898.5141183037,13183.087544283111
1014,366122.3855027872,5849.295439841121
1015,309501.3933744572,4921.02029970049
1016,437764.9918303206,6405.6620410056075
1017,455665.213271379,10298.83909428461
1018,55350.051745344404,759.8569330471123
1019,440291.0014693944,8488.721713152252
1020,688791.4517838089,17754.143071824565
1021,867339.8620245497,17492.284556786966
1022,552003.3540694646,7085.370703147899
1023,312276.945720028,7127.66441905085
1024,593297.3276638554,8908.301095457324
1025,107517.19653087475,1452.899453932547
1026,215627.43752612022,2192.381411229426
1027,311280.70996268024,5375.410244499744
1028,92336.68539854702,1263.894840072466
1029,1002387.8616710687,25256.288837220163
1030,196726.09862168864,4000.1613335957154
1031,2047914.5596340203,51365.06412721905
1032,957602.8362205577,12414.382262930141
1033,106233.78041804246,1513.2866479891143
1034,1067355.5118101141,19232.7995515516
1035,448113.39427929925,4993.0834382506655
1036,173789.75967047116,2437.124402275767
1037,1118890.0957281594,25566.259294253647
1038,145562.86079096518,2656.1370729810574
1039,580877.8616776686,9446.095537343268
1040,122430.28196568407,1953.5357986715508
1041,841139.3825131482,12147.009747627202
1042,2868580.7823468107,49845.78501268917
1043,394596.32702213776,2189.7810458575236
1044,22246.94510248763,234.93059193308963
1045,646363.9469278341,10663.901766267732
1046,390449.4451942551,5388.577726545144
1047,149200.79346017644,2775.4094735711865
1048,651743.5520072166,7417.357829298167
1049,57877.07298247473,701.4784922570936
1050,527535.8960611491,10731.910758203037
1051,65553.99810931932,315.67996135888006
1052,861266.3753000948,17277.762167496512
1053,335690.20988084166,5742.790409712854
1054,3722783.451681088,61087.39210229664
1055,487326.57103915233,6186.33392248215
1056,330155.67039867333,7983.764328616454
1057,101030.69780830467,1613.4217365787092
1058,2188646.284925093,34623.870501805584
1059,1093429.2233384901,19716.99677516928
1060,33018.55507637803,475.40738603742506
1061,189662.88773014795,1998.588259829102
1062,1303815.9836271238,23985.49245590582
1063,709110.572223339,13188.631539637037
1064,367216.179125391,5856.396892287641
1065,309610.5222998725,4921.02029970049
1066,438368.32317115983,6428.32588903874
1067,456470.3045213989,10311.005781068607
1068,55620.25129437181,760.7064845221175
1069,442008.7412093963,8498.53451762757
1070,691785.1707318585,17787.042912451798
1071,873690.960361664,17515.54024635236
1072,553861.8992020527,7094.73228513715
1073,312848.61575429124,7134.1190821111895
1074,594033.5632785372,8908.733125862727
1075,107695.52856516832,1454.0766084785898
1076,216006.28378859215,2194.279880364532
1077,311852.37706857035,5384.695972877033
1078,92797.57807851947,1266.077618739882
1079,1007294.9354138153,25286.242496620056
1080,197092.23475842056,4004.203559835332
1081,2056965.3351836645,51419.64957444369
1082,961050.5776027532,12441.435550312233
1083,106432.8954521638,1514.1854624326588
1084,1070455.3349324288,19240.93012898903
1085,448884.1269439045,4998.421223805223
1086,174378.13992334608,2439.853336947946
1087,1123729.5978243656,25590.584936248055
1088,146137.13408542142,2658.1938040036216
1089,582989.886765083,9463.589480107727
1090,122751.76004740721,1954.6486163564603
1091,843037.9755403511,12163.867614385912
1092,2873246.773965576,49929.26765570093
1093,395125.8005882582,2193.6772648091564
1094,22409.044642737786,235.1349053859032
1095,648131.0463531347,10684.41149297696
1096,392261.5399612789,5396.31269715801
1097,149635.28337446944,2781.7041905169413
1098,652746.6591830342,7424.422426456762
1099,57957.321493682226,701.5463866293305
1100,528628.215009275,10743.090082686278
1101,65732.09534461157,315.8294168749342
1102,862549.54001192,17296.04964205344
1103,336003.80560306646,5749.154718145999
1104,3725677.596179706,61186.740833653355
1105,488772.18912915065,6191.29990594739
1106,331498.14351406775,7988.908431008428
1107,101422.51786500675,1615.580570310281
1108,2196135.252865735,34685.5927892034
1109,1095183.3086328332,19746.687724159587
1110,33174.80724094124,476.27506622701964
1111,190269.34612391092,2000.796664039476
1112,1307384.0303582367,24007.171767021915
1113,710287.9977761833,13199.032529774027
1114,368186.0765992657,5863.998575494911
1115,310206.62775638816,4927.0319960046345
1116,438972.750254388,6443.011049148301
1117,457227.94142507704,10319.43419557533
1118,55891.73337377139,761.4629943335015
1119,443835.57244158594,8507.927406289858
1120,694987.1859081966,17823.021041670825
1121,880330.8156169223,17536.612240274906
1122,555812.9455538247,7101.395698673044
1123,313495.39333130023,7140.687377924908
1124,594702.4570802448,8908.890500489972
1125,107885.23715910596,1455.1917771143667
1126,216385.16011077884,2195.138274085786
1127,312431.2729413393,5393.642816689893
1128,93254.07391750785,1267.2100582006926
1129,1012312.3772380626,25310.220222684642
1130,197458.11142613916,4007.868778750294
1131,2066565.0126839993,51471.55431681033
1132,964740.6068946987,12461.6014538395
1133,106610.95866414352,1515.370755384612
1134,1074283.9249109046,19250.661784004024
1135,449546.1514495193,4998.871909771729
1136,174971.72866099866,2442.4327393489043
1137,1128568.702209937,25618.538511825096
1138,146732.6513097846,2660.088754162022
1139,585226.3462342097,9476.836996784448
1140,123058.27514991236,1955.8478761600038
1141,844983.1143051831,12181.60008482528
1142,2877926.1306329817,50009.95341833396
1143,395666.67699053616,2197.6478534137427
1144,22612.536663273888,235.36029545767641
1145,650279.6938462267,10703.94128908502
1146,394072.02460024616,5401.955291790705
1147,150075.57333197806,2787.5578112302155
1148,653754.3184472024,7429.56774213922
1149,58109.25850313317,701.5463866293305
1150,529463.6299160648,10750.27831015862
1151,65756.14391747613,315.8294168749342
1152,863539.5456490745,17309.271753450877
1153,336244.96694736095,5753.2427670066145
1154,3727392.914216626,61242.93284812717
1155,490184.4748904827,6195.1260267411735
1156,331498.2381614686,7988.908431008428
1157,101801.90575562147,1618.0580528922974
1158,2203828.793557527,34726.43927570424
1159,1097180.0556502661,19778.270486574966
1160,33272.13049603844,477.13396997172873
1161,190630.1990886854,2001.4128080101148
1162,1310766.0826611414,24026.177026171365
1163,711557.7051205736,13206.650801804873
1164,369180.80532882834,5867.322746509342
1165,310297.22060167463,4927.0319960046345
1166,439496.8212775458,6455.7832821455
1167,457490.5308623676,10319.43419557533
1168,56159.881581282825,762.599179720728
1169,445599.3300343433,8516.555274056953
1170,697991.8916643965,17853.01095282958
1171,887232.725962865,17557.349748784014
1172,557845.042036643,7106.029726390171
1173,313885.73941203253,7144.540141067736
1174,595258.0103042435,8909.359757176955
1175,108081.15545182304,1456.0358541232758
1176,216725.62417721108,2195.857763753803
1177,312986.10265311436,5400.5254701080785
1178,93728.32337105006,1269.0412662022857
1179,1017525.834508865,25332.839120771594
1180,197734.29799896135,4010.3569538929005
1181,2076440.022153653,51531.854394289214
1182,966698.1360158778,12468.816075501833
1183,106792.8311355531,1516.437223949238
1184,1077546.563631568,19262.095101687682
1185,449790.3631534383,4998.871909771729
1186,175531.88575555544,2444.3858691875366
1187,1133574.5744638806,25638.84078496183
1188,146732.6513097846,2660.088754162022
1189,587464.0177898284,9489.452052872528
1190,123356.8460438178,1957.055304835543
1191,845412.5326113579,12182.69714741653
1192,2881782.7790371603,50074.20327731449
1193,396193.95765938086,2201.757518145133
1194,22788.509447569242,235.49892937389896
1195,652275.1030578348,10721.494016648136
1196,395870.09999554604,5406.351509117868
1197,150500.68879237847,2792.512646017595
1198,654699.3052576894,7435.318290421173
1199,58142.183722115136,701.5463866293305
1200,529883.5477554349,10750.538593053087
1201,65764.28175086096,315.8294168749342
1202,864249.5673102188,17311.441395762584
1203,336287.40003261564,5753.384127166026
1204,3728452.619661303,61283.337843588066
1205,491330.611088424,6197.3408081404405
1206,331498.2381614686,7988.908431008428
1207,102163.20614813098,1619.9032087026599
1208,2211017.9751278693,34757.65770532163
1209,1098151.4692549077,19779.207450727456
1210,33382.897143646456,477.8907600951097
1211,190670.59274693948,2001.4128080101148
1212,1313074.9957285065,24043.38397322559
1213,712824.6786989782,13212.922377127283
1214,369638.4312253283,5867.754917068707
1215,310382.92632112926,4927.0319960046345
1216,439637.5109241409,6465.06681346278
1217,457763.4477040729,10319.43419557533
1218,56422.34014519084,762.8597471193347
1219,447247.107569599,8523.046817340184
1220,701033.3756390293,17879.2142740272
1221,890910.6506878729,17569.912619447077
1222,559733.5433903014,7111.210083859757
1223,314080.92855319544,7144.540141067736
1224,595622.0127958608,8909.359757176955
1225,108148.1022856837,1456.1441704230585
1226,216959.85055288338,2195.857763753803
1227,313178.35790313914,5400.5254701080785
1228,94150.46237301819,1269.92117734744
1229,1022485.0258040554,25346.720183049405
1230,197928.6301383409,4010.4596881784328
1231,2086693.6318060244,51593.798001415045
1232,967110.466220547,12468.816075501833
1233,106864.5139385886,1516.437223949238
1234,1079824.6384726285,19271.045109189272
1235,450033.46011625766,4998.871909771729
1236,175842.57944553497,2445.381236239661
1237,1137289.5114206702,25647.838817013606
1238,146732.6513097846,2660.088754162022
1239,589532.0498889596,9502.469580163865
1240,123536.23227579,1957.6375066503908
1241,845508.9972804536,12182.69714741653
1242,2883774.6708806087,50105.946451189724
1243,396626.67939245154,2204.349111213662
1244,22956.222132078896,235.5458157420881
1245,653518.604217398,10733.581775064626
1246,396191.03415112034,5406.351509117868
1247,150853.24427751446,2797.238718074197
1248,655164.6769796702,7435.318290421173
1249,58162.087287436094,701.5463866293305
1250,530658.3121579434,10750.74516941337
1251,65938.25196716894,315.8294168749342
1252,865474.4774171348,17316.193630245474
1253,336418.03301145614,5754.312442931025
1254,3731447.231460664,61349.86356370822
1255,492015.6472919971,6198.297157265771
1256,332944.57837096683,7993.604980445219
1257,102545.5830899665,1622.045285235198
1258,2215286.6943513714,34808.69288304928
1259,1099715.5774944848,19800.01898296506
1260,33497.74295195279,478.25905528560327
1261,191274.74510564786,2002.9044297137832
1262,1315260.927952269,24053.484125515355
1263,713606.6553897533,13215.715286823652
1264,370409.5059963247,5871.567013786798
1265,311007.0148481213,4931.123330206012
1266,439909.1132953712,6472.644492961564
1267,458446.14433590317,10326.34149645273
1268,56678.393443130604,763.1506019706026
1269,448909.6232977617,8530.048764694931
1270,703917.4286061028,17903.49225672854
1271,897916.7566670818,17578.37421737623
1272,561745.0036292233,7115.660595902928
1273,314264.749193774,7144.883876507843
1274,596066.3439688784,8909.359757176955
1275,108228.09875479373,1456.1928514377437
1276,217126.87576665854,2195.857763753803
1277,313432.5145078403,5400.771266485465
1278,94586.04353618424,1270.3270387565444
1279,1027101.9083211176,25363.780530475964
1280,198184.4627429931,4011.8515172059797
1281,2096110.1143332848,51645.55964749448
1282,970744.3333208272,12493.17650424176
1283,106965.81382953365,1516.8425140084946
1284,1082966.680859347,19278.024371735246
1285,450798.6215486157,4999.6594922071545
1286,176318.13302812117,2446.788230499381
1287,1141824.6874312903,25666.57477832562
1288,147325.48517815667,2662.831524700607
1289,591226.1981196707,9509.270963779743
1290,123715.59112671603,1957.8663252409128
1291,847603.9833401582,12199.18450639296
1292,2888337.092806253,50160.264258640425
1293,396818.98547995975,2204.7653768039877
1294,23126.336238993794,235.62149070493444
1295,654905.918163543,10746.897009169566
1296,398216.3893780996,5410.955849440328
1297,151244.72756755282,2801.956167090079
1298,655765.295723654,7435.318290421173
1299,58313.49553702491,701.5463866293305
1300,531292.8594991025,10752.595232539825
1301,66119.12126957237,315.9339997792175
1302,866536.2768302372,17328.169963966968
1303,336663.99795434717,5757.245708999096
1304,3733987.9451128826,61411.235300214
1305,493306.0182867082,6202.512127125268
1306,334302.61221093027,7998.791556724711
1307,102911.62000137613,1625.0721185141633
1308,2222892.099277881,34863.462839783926
1309,1101506.8546860213,19817.48817647746
1310,33606.19566671428,478.81296625578557
1311,191911.8134638804,2004.3305397843485
1312,1318416.822430166,24068.657505404124
1313,714701.2050879202,13222.263195499174
1314,371442.5716096584,5875.755695816147
1315,311105.9423852051,4931.123330206012
1316,440432.74874790554,6490.327227955108
1317,459335.501784396,10333.130632646931
1318,56958.93044307263,764.1015167975353
1319,450649.3454253924,8538.352040425476
1320,707113.7836960255,17927.534769091497
1321,904625.8668584932,17598.69490721428
1322,563736.2016304474,7120.481413724623
1323,314762.922597752,7150.094671343627
1324,596662.2160328407,8909.438035168667
1325,108455.48130460626,1456.8997884147905
1326,217495.74003220708,2197.0660001058486
1327,313809.77753721183,5404.3769850789795
1328,95065.57226748268,1271.5289607348705
1329,1032712.1487619731,25402.132403870244
1330,198506.7932077261,4015.021036051949
1331,2106527.7099030823,51697.55752051598
1332,974526.2544765408,12507.754068315506
1333,107148.09546492246,1517.8762291768533
1334,1086765.3190477933,19286.562959451465
1335,451149.5494743036,4999.844988378522
1336,176944.71098390184,2449.3978439232683
1337,1146790.681495265,25695.451836767596
1338,147928.22302889015,2664.5603036472694
1339,593012.0125980278,9519.649456247857
1340,123975.54548618382,1958.4838358749103
1341,849703.5931113698,12213.971501665334
1342,2893748.3971677823,50229.86718239963
1343,397286.41719225666,2206.8863547508854
1344,23250.654532038465,235.9320877453225
1345,656910.2503529426,10765.994188336137
1346,400142.5579898147,5418.885150052171
1347,151625.78868536244,2806.943412533135
1348,656973.3603349745,7442.012421976585
1349,58417.99927915852,701.6316957381172
1350,532376.9042878826,10765.077308096974
1351,66304.67323984872,315.9339997792175
1352,867814.4320268093,17348.97660149659
1353,337001.5817510444,5762.896205961565
1354,3736518.431583578,61485.282017570076
1355,494666.56115518516,6209.279757634464
1356,335548.5538670108,8003.071198550103
1357,103341.57490314527,1627.0243418010898
1358,2231364.8432184737,34918.49378885563
1359,1103370.110614676,19852.253215753168
1360,33729.26299873223,479.6201974207121
1361,192613.46926864007,2006.5486488478462
1362,1322025.451508698,24091.645175924852
1363,715954.826088987,13228.326877816935
1364,372442.4400589492,5882.858592629278
1365,311738.98400751845,4936.5593504899025
1366,440971.34823370125,6508.325380293736
1367,460332.3787843381,10343.805069446733
1368,57254.04315554335,765.6510276224591
1369,452500.37932668894,8546.218148421316
1370,710309.2265484226,17959.25466423794
1371,911208.6461662168,17612.235904548943
1372,565704.1536104153,7127.397587187431
1373,315368.51711527625,7157.869758622158
1374,597310.7593491148,8909.923317006627
1375,108695.55273322565,1457.9598350698625
1376,217888.25588093302,2198.4719463694673
1377,314381.3503953468,5412.238986944719
1378,95552.65100847273,1273.6912228345957
1379,1038005.3793241631,25444.003821894246
1380,198879.553992084,4019.713961948692
1381,2116293.7422015658,51755.1215842239
1382,979150.7975472928,12527.472804499015
1383,107350.0563547425,1518.9593340159577
1384,1090729.0290743087,19299.569935249834
1385,451688.323384754,5004.349749874813
1386,177565.81127130435,2451.6262348033483
1387,1151607.162731043,25734.855636034572
1388,148491.8727412297,2666.8557360200894
1389,595123.3678204382,9533.667477837416
1390,124316.9386989922,1959.3979000589063
1391,851802.2179501761,12227.77486664362
1392,2899000.6221486763,50291.89035843898
1393,397904.3557645464,2210.7746435403947
1394,23412.639497072934,236.081364570634
1395,658738.8965478814,10783.312403369113
1396,402234.25629587116,5427.305777805003
1397,152086.15959136272,2813.7662993368003
1398,658050.7512991885,7450.291009217041
1399,58546.92662342624,701.7122167324953
1400,533516.3752541078,10775.226827780541
1401,66532.88970514387,316.10004878591457
1402,869267.5727396095,17364.040845507483
1403,337446.0125054848,5770.172822942402
1404,3739447.890409445,61553.605356621134
1405,496153.18306616024,6213.583574490943
1406,337036.4044502596,8008.471411640274
1407,103785.88672347728,1629.3550800265716
1408,2239910.7882595914,34977.62211918532
1409,1105389.5255092154,19882.204025289688
1410,33872.10697925502,480.4067046187232
1411,193295.81337683531,2009.2927263745107
1412,1325423.524483881,24116.916831836075
1413,717212.006799575,13237.655815604805
1414,373648.37164641614,5888.022598017869
1415,311850.73839630414,4936.5593504899025
1416,441549.427431644,6525.124732451429
1417,461292.3261047885,10355.49684446069
1418,57552.74256396316,766.7066828250678
1419,454377.3015401429,8555.310363600516
1420,713616.4229595724,17988.2060717828
1421,917619.088890442,17628.863186512895
1422,567661.5765181874,7134.920654333701
1423,316024.1791680313,7164.180450123975
1424,598033.5573891535,8911.026210237385
1425,108897.50540325878,1459.1565183771324
1426,218326.98870415767,2199.8531945016284
1427,314970.20441570255,5420.835160130934
1428,96057.81945839316,1276.0284463763467
1429,1043498.981643352,25475.253496980742
1430,199259.59782326626,4023.994631621654
1431,2126769.9408481405,51809.46715717058
1432,983627.7263417897,12548.572290921307
1433,107549.04842751162,1520.0863455765832
1434,1094497.3981919198,19311.919768071595
1435,452532.4868174804,5009.974082784213
1436,178196.21305177064,2454.2403231489293
1437,1156443.031240382,25766.25763640437
1438,149079.55425768197,2668.87171295791
1439,597713.1057413716,9547.636700573077
1440,124681.88000550625,1960.220058451308
1441,854192.4682500142,12243.254650583574
1442,2905129.752623495,50366.17510044429
1443,398554.15544487705,2214.510495859006
1444,23581.89305026554,236.4193143199726
1445,660905.9225612605,10803.045010451926
1446,404374.0284422583,5436.114965626377
1447,152580.91439913557,2820.0595198207006
1448,659257.9250254029,7457.414636398923
1449,58640.90869477534,701.8154841680073
1450,534723.672910332,10785.305290470802
1451,66743.61429720337,316.24736058114814
1452,870706.9760459026,17379.78111959209
1453,337738.80451818253,5775.7938422338
1454,3743069.2518400764,61647.193340862534
1455,497676.4251890737,6217.603775088011
1456,338373.01723012136,8013.989542658468
1457,104233.4147514101,1631.1891553146938
1458,2248372.7553438814,35031.25784182259
1459,1107348.928866968,19906.756121297498
1460,34033.93397213162,481.125926252688
1461,193977.69150879316,2011.1951991698556
1462,1329181.8565337844,24138.709440520503
1463,718305.5789119944,13244.466201327017
1464,374731.04334692325,5894.2661078266565
1465,312438.3845790068,4942.036469370089
1466,442081.31075131695,6538.959663639013
1467,462262.0431421673,10364.059461513785
1468,57845.43893596811,767.5695103636729
1469,456284.92839658476,8562.825609281928
1470,716893.2546741805,18021.545146543114
1471,924456.5476599134,17648.110464938305
1472,569703.9252455757,7140.4415923990155
1473,316713.1785737861,7168.738153360106
1474,598764.2826694791,8911.962027871847
1475,109101.89285275873,1460.0448010934085
1476,218748.8172222816,2200.7643002145337
1477,315562.13861365267,5428.78327581078
1478,96533.37465992433,1277.7278236817474
1479,1048988.367020836,25500.956282835483
1480,199629.74920260796,4026.984933975049
1481,2137202.471733711,51858.231010767166
1482,988126.2882445048,12561.724736458655
1483,107741.40205852609,1521.1508439450524
1484,1098510.3650730124,19326.736245793887
1485,453284.1498762809,5010.097958691698
1486,178800.01960399738,2456.331653197841
1487,1161286.8770075904,25796.007919665793
1488,149665.4747005331,2670.3199630521294
1489,600260.7824690432,9559.142053982907
1490,125018.82042335563,1961.1918455944824
1491,856203.7175847976,12258.526790336551
1492,2911235.2276983154,50422.1197390708
1493,399166.98722530314,2217.899980354254
1494,23777.711370974357,236.8259195587876
1495,663188.8881925,10819.193918095783
1496,406479.23056335346,5441.310240988443
1497,153062.0194009076,2825.132488552499
1498,660431.3461187828,7462.4316658126745
1499,58789.536502937735,701.9701409189636
